Workbook

Sheet Instructions
B2: KYBELE D10.3 - specialist spot-check of the Collembola trait benchmark
B4: Purpose | C4: The benchmark has 126 questions on body size, habitat and trophic guild, each with a gold answer taken from a Plazi taxonomic treatment. The gold answers were checked with AI assistance. This sheet asks a Collembola specialist to check a random sample of 25, so the deliverable can report expert agreement.
B5: What to check | C5: For each row, is the gold answer what the treatment states for this species? The passage column shows the text around the answer (answer in bold); open the Plazi link if the passage is not enough.
B6: Where to write | C6: Only the yellow columns on the 'Spot-check' sheet: Verdict (drop-down), Correct answer (if different) and Comment. The 'Summary' sheet counts the verdicts by itself.
B7: Gold answer format | C7: Alternatives that are all acceptable are separated by '||', e.g. '0.88 mm || up to 0.88 mm'. Body sizes are body length in mm.
B8: Correct | C8: The gold answer states what the treatment says about this species (all alternatives are fine).
B9: Partly correct | C9: Right but incomplete or too broad, e.g. only one of two habitats, or a size range where the treatment gives separate male and female values.
B10: Wrong | C10: The treatment says something else, or the answer belongs to another taxon, life stage or measurement (e.g. antenna length instead of body length), or a habitat answer is only a place.
B11: Cannot judge | C11: The treatment does not let you decide.
B12: Sample | C12: Stratified random draw, proportional to the benchmark: 12 body size, 12 habitat, 1 trophic guild (seed 20260928; scripts/make_spotcheck.py). Trophic guilds get their own spot-check on the separate trophic benchmark.
B13: Time needed | C13: About 1-2 minutes per row, 30-50 minutes in total.
B14: Reviewer
B15: Date
B17: Example of a filled row (not part of the sample)
B18: Gold answer | C18: 1.2 mm || up to 1.2 mm
B19: Verdict | C19: Partly correct
B20: Correct answer (if different) | C20: 1.2 mm (female), 0.9 mm (male)
B21: Comment | C21: The treatment gives separate values for the two sexes.

Sheet Spot-check
A1: # | B1: QID | C1: Trait | D1: Species | E1: Question | F1: Gold answer | G1: Passage from the treatment (gold answer in bold) | H1: Plazi treatment | I1: Verdict | J1: Correct answer (if different) | K1: Comment
A2: 1 | B2: K007 | C2: Habitat | D2: Plutomurus ruseki | E2: What is the habitat of Plutomurus ruseki? | F2: entrance and twilight zone of caves || caves || troglophilous | G2: … Institute of Soil Biology, České Budějovice, Czech Republic), an outstanding Collembola taxonomist and ecologist, and Ph.D. supervisor and a great colleague of the last author. Ecology. It is a troglophilous species, considering the presence of pigmented body and 6+6 eyes. It lives mostly in entrance and twilight zone of caves, in several cases it was found to occupy even dark cave zone. It was also found to occupy forest soils and mosses. Distribution. This species is distributed in different karst regions of the Western Carpathians, Slovakia, with exception of the Pieniny Mountains. A Plutomurus specimen with 3 Mc on … | H2: Open treatment
A3: 2 | B3: K011 | C3: Body size | D3: Metacoelura majeri | E3: What is the body length of Metacoelura majeri? | F3: 2.3 mm || up to 2.3 mm | G3: Description. Body length up to 2.3 mm. Ant. I and proximal part of Ant. II blue, Ant. III & IV white. Eye patches dark blue and narrow blue stripe present anteriorly between eye patches. Two irregular medial longitudinal stripes present from Th. II to Abd. IV. Tibiotarsus with slight blue pigment; furcula white (Figs 5−6, 27). … | H3: Open treatment
A4: 3 | B4: K019 | C4: Habitat | D4: Cyphoderus khaochakanus | E4: What is the habitat of Cyphoderus khaochakanus? | F4: on guano in the dark zone of a karstic cave || guano in the dark zone of a karstic cave || guano | G4: ZC2011.SAK-001H, male). Body Ant Head Ant.I Ant.II Ant.III Ant.IV Th.II Th.III Abd.I Abd.II Abd.III Abd.IV Abd.V Abd.VI Man Dens Mucro Etymology. From the locality "Khao Chakan" district, in SaKaeo province, where this species is found. Distribution. Only known from type locality. Ecology. Abundant on guano in the dark zone of a karstic cave. | H4: Open treatment
A5: 4 | B5: K029 | C5: Body size | D5: Friesea najtae | E5: What is the body length of Friesea najtae? | F5: 1.0- 1.7mm || 1.0-1.7 mm || 1.0–1.7 mm | G5: … friend of Wanda Weiner. The new species is named in her honour. DESCRIPTION General habitus Large animal for the genus, habitus with strong head with diverging antennae shorter than head length and a large abdo- men in midline (Abd. III-IV), ending by a pointed Abd. VI (Figs 2, 3). Body length: 1.0- 1.7mm. Body colour dark blue, almost black (Fig. 2), slightly lighter on the ventral side with inner sides of ventral tube and furcula tip almost white. Dorsal clothing strong, with long and pointed ordinary chaetae as well as shorter chaetae, slightly crenulated (macro-, meso- and microchaetae; Fig. … | H5: Open treatment
A6: 5 | B6: K072 | C6: Habitat | D6: Szeptyckitheca cyanea | E6: What is the habitat of Szeptyckitheca cyanea? | F6: forest litter covering sandy soils in shady areas || forest litter || Atlantic Forest | G6: … Brazil: in the central campus of the Federal University of Rio Grande do Norte, Natal municipality, and the National Forest of Nisia Floresta, Nisia Floresta municipality (Fig. 6). Both localities are inserted in the Atlantic Forest phytogeographic domain. The specimens were collected from the forest litter covering sandy soils in shady areas. The climate of the sampled municipalities is "As" following the Koeppen-Geiger system, which means an equatorial climate with dry summer (Kottek et al. 2006). The specimens were collected during the raining season of 2022. Remarks. Szeptyckitheca cyanea sp. nov. is the sole species of the genus … | H6: Open treatment
A7: 6 | B7: K074 | C7: Body size | D7: Dicranocentrus icelosmarias | E7: What is the body length of Dicranocentrus icelosmarias? | F7: 2.6 mm | G7: … 1–12) DESCRIPTION Size. Largest specimen (holotype) 2.6 mm. Color. Background color greenish white or orange. Scale Distribution. Antennal segments 1 to 3, head, body, legs to tibiotarsus, collophore scales only on posterior face, and ventral face of furcula. Head. Antennae missing 2 apical segments. Eyes apparently 6+6, but actual number and relative … | H7: Open treatment
A8: 7 | B8: K091 | C8: Habitat | D8: Metaphorura riozoi | E8: What is the habitat of Metaphorura riozoi? | F8: the soil of a meadow in Hungary || soil of a meadow || leaf litter under oak trees | G8: … University (33°45′6.806″N, 46°22′49.648″E, alt. 1395 m) , Ilam, September 2015; soil and leaf litter under oak trees ( Quercus brantii ), Gachan Mountain (33°38′43.08″N, 46°29′9.96″E, alt. 2330 m) , Ilam, July 2014, leg. M. Mirab-Balou . Ecology: The species was recorded for the first time from the soil of a meadow in Hungary (Castano-Meneses et al., 2000), and no information about its ecology is available. Distribution: Central Europe, Hungary (Castano-Meneses et al., 2000; Dunger and Schlitt, 2011). | H8: Open treatment
A9: 8 | B9: K113 | C9: Body size | D9: Neorganella rotundatae | E9: What is the body length of Neorganella rotundatae? | F9: 0.88 mm || 0.47-1.20 mm | G9: … G.C. leg, 25.x.2011, 22°22'59"S, 44°40'1"W. Type locality. Brasil, Rio de Janeiro: Itatiaia municipality, Parque Nacional de Itatiaia (ICMBio), 22°22'59"S, 44°40'1"W, leaf litter and soil of "campos de altitude", 2,400 m a.s.l. Description. Habitus typical of the family. Body length of holotype: 0.88 mm; body length range of paratypes: 0.47-1.20 mm. Color in ethanol: white, no pigmentation. Ratio head diagonal: antenna = 1:0.63. Ant I with 7-8 chaetae. Ant II with 12 chaetae. Ant III and IV fused dorsally, ventral separation marked. Sensory organ of Ant III with two small club-shaped sensilla, … | H9: Open treatment
A10: 9 | B10: K124 | C10: Habitat | D10: Mexicaphorura guerrerensis | E10: What is the habitat of Mexicaphorura guerrerensis? | F10: marine littoral sand | G10: … their bases (Fig. 4). Ratio anal spine:ungues: 1:1.9. row Thorax Abdomen I II III I II III IV V * * ** ** ** Etymology. The species is named after the State of Guerrero, where it was found. Distribution. Known only from the type locality, at Guerrero State, Mexico. Ecology. This species lives in marine littoral sand.The first specimen was obtained in the floating foam of samples of sand taken from a nest of the Golf turtle Lepidochelys olivacea ( Cheloniidae ). Other specimens were obtained from 12 different places where 4 samples of sand were taken at each and washed. It seems to be very rare species as … | H10: Open treatment
A11: 10 | B11: K135 | C11: Body size | D11: Arrhopalites harveyi | E11: What is the body length of Arrhopalites harveyi? | F11: 1.2 mm | G11: Type locality: Costa Rica, Santa Rosa, Serrin Viejo. (Fig. 13 A –K) Caecus ­group. Total length, 1.2 mm. Color white, eyes 1+1. Posterior cephalic spinelike setae present. Ant. III not swollen basally. Ant. IV divided into 6 ringed subsegments. All ungues with inner tooth, all unguiculi with clear corner tooth, apical filament absent in the third unguiculus. Dental chaetotaxy as shown in table 3, … | H11: Open treatment
A12: 11 | B12: K154 | C12: Body size | D12: Arrhopalites colchicus | E12: What is the body length of Arrhopalites colchicus? | F12: 0.9 mm | G12: Figs 3–7, Tables 1–3 http://zoobank.org/ urn:lsid:zoobank.org:act: 9240E584-5369-4C49-95E5-AFFF827113AC Diagnosis (female). Body unpigmented, 0.9 mm long. Eyes not detectable. Setae of head dorsum slender, 3 axial present. Antenna about 2× of head; Ant III with well-developed sense organ; Ant IV subdivided into 6 subsegments weakly separated from each other by 1–3 annuli, with 14 whorls of setae. Trochanter I, II and III with 4, 4, 5 setae. … | H12: Open treatment
A13: 12 | B13: K162 | C13: Body size | D13: Megalothorax sanctistephani | E13: What is the body length of Megalothorax sanctistephani? | F13: 0.2–0.34 mm || 0.2-0.34 mm || 0.26 mm | G13: 16S mtDNA [PQ900094, PQ900415, PQ900095], same collection data as above RUSSIA. One individual sequenced for near-complete n-rDNA operon sequence [PQ900093], same collection data as above. Redescription. General aspect. Habitus and segmentation typical of the genus (Fig. 10A, B). Body length around 0.2–0.34 mm (biggest Russian individual found: 0.26 mm). Specimens whitish in alcohol. Body chaetotaxy sparse including chaetae, s-chaetae, trichobothria (Fig. 12C), neosminthuroid chaetae, wax-rods and inner sensilla within sensory fields 2–6. Body chaetae ordinary, without any remarkable development (Figs … | H13: Open treatment
... A26: 25 | B26: K247 | C26: Trophic guild | D26: Paratullbergia chuana | E26: What does Paratullbergia chuana feed on? | F26: fungivorous || spores and mycelium fragments of soil fungi || soil fungi | G26: … P. chuana sp. nov. occur in natural forest of high altitude (more than 3000 m) with relatively large populations. It seems different species are adapted to different environments. Spores and mycelium fragments of soil fungi can be recognised in their gut contents, which indicates that they are fungivorous. | H26: Open treatment

Sheet Summary
B2: Summary (calculated from the Spot-check sheet)
B4: Verdict | C4: All | D4: Body size | E4: Habitat | F4: Trophic guild
B5: Items in sample | C5: =ROWS('Spot-check'!$I$2:$I$26) -> 25 | D5: =COUNTIF('Spot-check'!$C$2:$C$26,"Body size") -> 12 | E5: =COUNTIF('Spot-check'!$C$2:$C$26,"Habitat") -> 12 | F5: =COUNTIF('Spot-check'!$C$2:$C$26,"Trophic guild") -> 1
B6: Correct | C6: =COUNTIFS('Spot-check'!$I$2:$I$26,"Correct") -> 0 | D6: =COUNTIFS('Spot-check'!$I$2:$I$26,"Correct",'Spot-check'!$C$2:$C$26,"Body size") -> 0 | E6: =COUNTIFS('Spot-check'!$I$2:$I$26,"Correct",'Spot-check'!$C$2:$C$26,"Habitat") -> 0 | F6: =COUNTIFS('Spot-check'!$I$2:$I$26,"Correct",'Spot-check'!$C$2:$C$26,"Trophic guild") -> 0
B7: Partly correct | C7: =COUNTIFS('Spot-check'!$I$2:$I$26,"Partly correct") -> 0 | D7: =COUNTIFS('Spot-check'!$I$2:$I$26,"Partly correct",'Spot-check'!$C$2:$C$26,"Body size") -> 0 | E7: =COUNTIFS('Spot-check'!$I$2:$I$26,"Partly correct",'Spot-check'!$C$2:$C$26,"Habitat") -> 0 | F7: =COUNTIFS('Spot-check'!$I$2:$I$26,"Partly correct",'Spot-check'!$C$2:$C$26,"Trophic guild") -> 0
B8: Wrong | C8: =COUNTIFS('Spot-check'!$I$2:$I$26,"Wrong") -> 0 | D8: =COUNTIFS('Spot-check'!$I$2:$I$26,"Wrong",'Spot-check'!$C$2:$C$26,"Body size") -> 0 | E8: =COUNTIFS('Spot-check'!$I$2:$I$26,"Wrong",'Spot-check'!$C$2:$C$26,"Habitat") -> 0 | F8: =COUNTIFS('Spot-check'!$I$2:$I$26,"Wrong",'Spot-check'!$C$2:$C$26,"Trophic guild") -> 0
B9: Cannot judge | C9: =COUNTIFS('Spot-check'!$I$2:$I$26,"Cannot judge") -> 0 | D9: =COUNTIFS('Spot-check'!$I$2:$I$26,"Cannot judge",'Spot-check'!$C$2:$C$26,"Body size") -> 0 | E9: =COUNTIFS('Spot-check'!$I$2:$I$26,"Cannot judge",'Spot-check'!$C$2:$C$26,"Habitat") -> 0 | F9: =COUNTIFS('Spot-check'!$I$2:$I$26,"Cannot judge",'Spot-check'!$C$2:$C$26,"Trophic guild") -> 0
B10: Not yet reviewed | C10: =C5-C6-C7-C8-C9 -> 25 | D10: =D5-D6-D7-D8-D9 -> 12 | E10: =E5-E6-E7-E8-E9 -> 12 | F10: =F5-F6-F7-F8-F9 -> 1
B11: Agreement (Correct / judged) | C11: =IFERROR(C6/(C6+C7+C8),"-") -> - | D11: =IFERROR(D6/(D6+D7+D8),"-") -> - | E11: =IFERROR(E6/(E6+E7+E8),"-") -> - | F11: =IFERROR(F6/(F6+F7+F8),"-") -> -
B12: Agreement incl. partly correct | C12: =IFERROR((C6+C7)/(C6+C7+C8),"-") -> - | D12: =IFERROR((D6+D7)/(D6+D7+D8),"-") -> - | E12: =IFERROR((E6+E7)/(E6+E7+E8),"-") -> - | F12: =IFERROR((F6+F7)/(F6+F7+F8),"-") -> -
B14: 'Judged' = Correct + Partly correct + Wrong; 'Cannot judge' is left out of the agreement.
